file,line,type,commit,author,date,time,timezone,datetime,depth,length
style.css,1,css,ed77436a,Junran Yang,2025-10-19,01:43:38,-07:00,2025-10-19T01:43:38-07:00,0,7
style.css,2,css,ed77436a,Junran Yang,2025-10-19,01:43:38,-07:00,2025-10-19T01:43:38-07:00,0,0
style.css,3,css,138457db,Junran Yang,2025-10-04,18:01:17,-07:00,2025-10-04T18:01:17-07:00,1,23
style.css,4,css,347c699d,Junran Yang,2025-10-11,23:40:15,-07:00,2025-10-11T23:40:15-07:00,1,15
style.css,5,css,347c699d,Junran Yang,2025-10-11,23:40:15,-07:00,2025-10-11T23:40:15-07:00,1,18
style.css,6,css,ed77436a,Junran Yang,2025-10-19,01:43:38,-07:00,2025-10-19T01:43:38-07:00,1,19
style.css,7,css,347c699d,Junran Yang,2025-10-11,23:40:15,-07:00,2025-10-11T23:40:15-07:00,1,24
style.css,8,css,ed77436a,Junran Yang,2025-10-19,01:43:38,-07:00,2025-10-19T01:43:38-07:00,0,2
style.css,9,css,ed77436a,Junran Yang,2025-10-19,01:43:38,-07:00,2025-10-19T01:43:38-07:00,0,0
style.css,10,css,ed77436a,Junran Yang,2025-10-19,01:43:38,-07:00,2025-10-19T01:43:38-07:00,0,4
style.css,11,css,ed77436a,Junran Yang,2025-10-19,01:43:38,-07:00,2025-10-19T01:43:38-07:00,1,23
style.css,12,css,ed77436a,Junran Yang,2025-10-19,01:43:38,-07:00,2025-10-19T01:43:38-07:00,1,15
style.css,13,css,ed77436a,Junran Yang,2025-10-19,01:43:38,-07:00,2025-10-19T01:43:38-07:00,1,18
style.css,14,css,ed77436a,Junran Yang,2025-10-19,01:43:38,-07:00,2025-10-19T01:43:38-07:00,1,19
style.css,15,css,badb3516,Junran Yang,2025-10-04,23:28:48,-07:00,2025-10-04T23:28:48-07:00,0,0
style.css,16,css,badb3516,Junran Yang,2025-10-04,23:28:48,-07:00,2025-10-04T23:28:48-07:00,0,0
style.css,17,css,ed77436a,Junran Yang,2025-10-19,01:43:38,-07:00,2025-10-19T01:43:38-07:00,0,4
style.css,18,css,ed77436a,Junran Yang,2025-10-19,01:43:38,-07:00,2025-10-19T01:43:38-07:00,1,66
style.css,19,css,ed77436a,Junran Yang,2025-10-19,01:43:38,-07:00,2025-10-19T01:43:38-07:00,0,0
style.css,20,css,ed77436a,Junran Yang,2025-10-19,01:43:38,-07:00,2025-10-19T01:43:38-07:00,0,4
style.css,21,css,ed77436a,Junran Yang,2025-10-19,01:43:38,-07:00,2025-10-19T01:43:38-07:00,1,64
style.css,22,css,ed77436a,Junran Yang,2025-10-19,01:43:38,-07:00,2025-10-19T01:43:38-07:00,1,64
style.css,23,css,ed77436a,Junran Yang,2025-10-19,01:43:38,-07:00,2025-10-19T01:43:38-07:00,0,0
style.css,24,css,347c699d,Junran Yang,2025-10-11,23:40:15,-07:00,2025-10-11T23:40:15-07:00,0,5
style.css,25,css,ed77436a,Junran Yang,2025-10-19,01:43:38,-07:00,2025-10-19T01:43:38-07:00,1,56
style.css,26,css,ed77436a,Junran Yang,2025-10-19,01:43:38,-07:00,2025-10-19T01:43:38-07:00,1,55
style.css,27,css,ed77436a,Junran Yang,2025-10-19,01:43:38,-07:00,2025-10-19T01:43:38-07:00,1,62
style.css,28,css,347c699d,Junran Yang,2025-10-11,23:40:15,-07:00,2025-10-11T23:40:15-07:00,0,0
style.css,29,css,ed77436a,Junran Yang,2025-10-19,01:43:38,-07:00,2025-10-19T01:43:38-07:00,0,8
style.css,30,css,ed77436a,Junran Yang,2025-10-19,01:43:38,-07:00,2025-10-19T01:43:38-07:00,1,31
style.css,31,css,ed77436a,Junran Yang,2025-10-19,01:43:38,-07:00,2025-10-19T01:43:38-07:00,0,2
style.css,32,css,347c699d,Junran Yang,2025-10-11,23:40:15,-07:00,2025-10-11T23:40:15-07:00,0,11
style.css,33,css,ed77436a,Junran Yang,2025-10-19,01:43:38,-07:00,2025-10-19T01:43:38-07:00,0,0
style.css,34,css,badb3516,Junran Yang,2025-10-04,23:28:48,-07:00,2025-10-04T23:28:48-07:00,0,3
style.css,35,css,badb3516,Junran Yang,2025-10-04,23:28:48,-07:00,2025-10-04T23:28:48-07:00,1,12
style.css,36,css,ed77436a,Junran Yang,2025-10-19,01:43:38,-07:00,2025-10-19T01:43:38-07:00,1,20
style.css,37,css,ed77436a,Junran Yang,2025-10-19,01:43:38,-07:00,2025-10-19T01:43:38-07:00,1,86
style.css,38,css,ed77436a,Junran Yang,2025-10-19,01:43:38,-07:00,2025-10-19T01:43:38-07:00,1,43
style.css,39,css,ed77436a,Junran Yang,2025-10-19,01:43:38,-07:00,2025-10-19T01:43:38-07:00,1,14
style.css,40,css,ed77436a,Junran Yang,2025-10-19,01:43:38,-07:00,2025-10-19T01:43:38-07:00,1,11
style.css,41,css,badb3516,Junran Yang,2025-10-04,23:28:48,-07:00,2025-10-04T23:28:48-07:00,0,0
style.css,42,css,badb3516,Junran Yang,2025-10-04,23:28:48,-07:00,2025-10-04T23:28:48-07:00,0,0
style.css,43,css,badb3516,Junran Yang,2025-10-04,23:28:48,-07:00,2025-10-04T23:28:48-07:00,0,5
style.css,44,css,ed77436a,Junran Yang,2025-10-19,01:43:38,-07:00,2025-10-19T01:43:38-07:00,1,6
style.css,45,css,347c699d,Junran Yang,2025-10-11,23:40:15,-07:00,2025-10-11T23:40:15-07:00,1,17
style.css,46,css,badb3516,Junran Yang,2025-10-04,23:28:48,-07:00,2025-10-04T23:28:48-07:00,1,20
style.css,47,css,347c699d,Junran Yang,2025-10-11,23:40:15,-07:00,2025-10-11T23:40:15-07:00,1,13
style.css,48,css,badb3516,Junran Yang,2025-10-04,23:28:48,-07:00,2025-10-04T23:28:48-07:00,1,15
style.css,49,css,ed77436a,Junran Yang,2025-10-19,01:43:38,-07:00,2025-10-19T01:43:38-07:00,1,20
style.css,50,css,347c699d,Junran Yang,2025-10-11,23:40:15,-07:00,2025-10-11T23:40:15-07:00,0,0
style.css,51,css,347c699d,Junran Yang,2025-10-11,23:40:15,-07:00,2025-10-11T23:40:15-07:00,0,0
style.css,52,css,ed77436a,Junran Yang,2025-10-19,01:43:38,-07:00,2025-10-19T01:43:38-07:00,0,11
style.css,53,css,ed77436a,Junran Yang,2025-10-19,01:43:38,-07:00,2025-10-19T01:43:38-07:00,1,63
style.css,54,css,ed77436a,Junran Yang,2025-10-19,01:43:38,-07:00,2025-10-19T01:43:38-07:00,1,43
style.css,55,css,347c699d,Junran Yang,2025-10-11,23:40:15,-07:00,2025-10-11T23:40:15-07:00,1,34
style.css,56,css,347c699d,Junran Yang,2025-10-11,23:40:15,-07:00,2025-10-11T23:40:15-07:00,0,0
style.css,57,css,347c699d,Junran Yang,2025-10-11,23:40:15,-07:00,2025-10-11T23:40:15-07:00,0,0
style.css,58,css,347c699d,Junran Yang,2025-10-11,23:40:15,-07:00,2025-10-11T23:40:15-07:00,0,13
style.css,59,css,ed77436a,Junran Yang,2025-10-19,01:43:38,-07:00,2025-10-19T01:43:38-07:00,1,43
style.css,60,css,ed77436a,Junran Yang,2025-10-19,01:43:38,-07:00,2025-10-19T01:43:38-07:00,1,34
style.css,61,css,347c699d,Junran Yang,2025-10-11,23:40:15,-07:00,2025-10-11T23:40:15-07:00,0,0
style.css,62,css,347c699d,Junran Yang,2025-10-11,23:40:15,-07:00,2025-10-11T23:40:15-07:00,0,0
style.css,63,css,ed77436a,Junran Yang,2025-10-19,01:43:38,-07:00,2025-10-19T01:43:38-07:00,0,18
style.css,64,css,ed77436a,Junran Yang,2025-10-19,01:43:38,-07:00,2025-10-19T01:43:38-07:00,1,17
style.css,65,css,ed77436a,Junran Yang,2025-10-19,01:43:38,-07:00,2025-10-19T01:43:38-07:00,1,21
style.css,66,css,ed77436a,Junran Yang,2025-10-19,01:43:38,-07:00,2025-10-19T01:43:38-07:00,1,52
style.css,67,css,ed77436a,Junran Yang,2025-10-19,01:43:38,-07:00,2025-10-19T01:43:38-07:00,1,16
style.css,68,css,ed77436a,Junran Yang,2025-10-19,01:43:38,-07:00,2025-10-19T01:43:38-07:00,0,0
style.css,69,css,ed77436a,Junran Yang,2025-10-19,01:43:38,-07:00,2025-10-19T01:43:38-07:00,0,42
style.css,70,css,ed77436a,Junran Yang,2025-10-19,01:43:38,-07:00,2025-10-19T01:43:38-07:00,0,0
style.css,71,css,ed77436a,Junran Yang,2025-10-19,01:43:38,-07:00,2025-10-19T01:43:38-07:00,0,0
style.css,72,css,347c699d,Junran Yang,2025-10-11,23:40:15,-07:00,2025-10-11T23:40:15-07:00,0,4
style.css,73,css,347c699d,Junran Yang,2025-10-11,23:40:15,-07:00,2025-10-11T23:40:15-07:00,1,12
style.css,74,css,347c699d,Junran Yang,2025-10-11,23:40:15,-07:00,2025-10-11T23:40:15-07:00,1,30
style.css,75,css,347c699d,Junran Yang,2025-10-11,23:40:15,-07:00,2025-10-11T23:40:15-07:00,1,7
style.css,76,css,347c699d,Junran Yang,2025-10-11,23:40:15,-07:00,2025-10-11T23:40:15-07:00,0,0
style.css,77,css,347c699d,Junran Yang,2025-10-11,23:40:15,-07:00,2025-10-11T23:40:15-07:00,0,0
style.css,78,css,347c699d,Junran Yang,2025-10-11,23:40:15,-07:00,2025-10-11T23:40:15-07:00,0,5
style.css,79,css,347c699d,Junran Yang,2025-10-11,23:40:15,-07:00,2025-10-11T23:40:15-07:00,1,16
style.css,80,css,347c699d,Junran Yang,2025-10-11,23:40:15,-07:00,2025-10-11T23:40:15-07:00,0,0
style.css,81,css,347c699d,Junran Yang,2025-10-11,23:40:15,-07:00,2025-10-11T23:40:15-07:00,0,0
style.css,82,css,347c699d,Junran Yang,2025-10-11,23:40:15,-07:00,2025-10-11T23:40:15-07:00,0,4
style.css,83,css,347c699d,Junran Yang,2025-10-11,23:40:15,-07:00,2025-10-11T23:40:15-07:00,0,7
style.css,84,css,347c699d,Junran Yang,2025-10-11,23:40:15,-07:00,2025-10-11T23:40:15-07:00,0,6
style.css,85,css,347c699d,Junran Yang,2025-10-11,23:40:15,-07:00,2025-10-11T23:40:15-07:00,1,12
style.css,86,css,347c699d,Junran Yang,2025-10-11,23:40:15,-07:00,2025-10-11T23:40:15-07:00,1,13
style.css,87,css,347c699d,Junran Yang,2025-10-11,23:40:15,-07:00,2025-10-11T23:40:15-07:00,1,21
style.css,88,css,347c699d,Junran Yang,2025-10-11,23:40:15,-07:00,2025-10-11T23:40:15-07:00,1,17
style.css,89,css,347c699d,Junran Yang,2025-10-11,23:40:15,-07:00,2025-10-11T23:40:15-07:00,0,0
style.css,90,css,347c699d,Junran Yang,2025-10-11,23:40:15,-07:00,2025-10-11T23:40:15-07:00,0,0
style.css,91,css,347c699d,Junran Yang,2025-10-11,23:40:15,-07:00,2025-10-11T23:40:15-07:00,0,6
style.css,92,css,347c699d,Junran Yang,2025-10-11,23:40:15,-07:00,2025-10-11T23:40:15-07:00,1,18
style.css,93,css,347c699d,Junran Yang,2025-10-11,23:40:15,-07:00,2025-10-11T23:40:15-07:00,1,15
style.css,94,css,347c699d,Junran Yang,2025-10-11,23:40:15,-07:00,2025-10-11T23:40:15-07:00,1,16
style.css,95,css,347c699d,Junran Yang,2025-10-11,23:40:15,-07:00,2025-10-11T23:40:15-07:00,1,14
style.css,96,css,347c699d,Junran Yang,2025-10-11,23:40:15,-07:00,2025-10-11T23:40:15-07:00,0,0
style.css,97,css,347c699d,Junran Yang,2025-10-11,23:40:15,-07:00,2025-10-11T23:40:15-07:00,0,0
style.css,98,css,347c699d,Junran Yang,2025-10-11,23:40:15,-07:00,2025-10-11T23:40:15-07:00,0,9
style.css,99,css,347c699d,Junran Yang,2025-10-11,23:40:15,-07:00,2025-10-11T23:40:15-07:00,1,12
style.css,100,css,347c699d,Junran Yang,2025-10-11,23:40:15,-07:00,2025-10-11T23:40:15-07:00,1,58
style.css,101,css,347c699d,Junran Yang,2025-10-11,23:40:15,-07:00,2025-10-11T23:40:15-07:00,1,50
style.css,102,css,347c699d,Junran Yang,2025-10-11,23:40:15,-07:00,2025-10-11T23:40:15-07:00,0,0
style.css,103,css,347c699d,Junran Yang,2025-10-11,23:40:15,-07:00,2025-10-11T23:40:15-07:00,0,0
style.css,104,css,347c699d,Junran Yang,2025-10-11,23:40:15,-07:00,2025-10-11T23:40:15-07:00,0,7
style.css,105,css,347c699d,Junran Yang,2025-10-11,23:40:15,-07:00,2025-10-11T23:40:15-07:00,1,12
style.css,106,css,347c699d,Junran Yang,2025-10-11,23:40:15,-07:00,2025-10-11T23:40:15-07:00,1,26
style.css,107,css,347c699d,Junran Yang,2025-10-11,23:40:15,-07:00,2025-10-11T23:40:15-07:00,1,15
style.css,108,css,347c699d,Junran Yang,2025-10-11,23:40:15,-07:00,2025-10-11T23:40:15-07:00,0,0
style.css,109,css,347c699d,Junran Yang,2025-10-11,23:40:15,-07:00,2025-10-11T23:40:15-07:00,0,0
style.css,110,css,347c699d,Junran Yang,2025-10-11,23:40:15,-07:00,2025-10-11T23:40:15-07:00,0,10
style.css,111,css,347c699d,Junran Yang,2025-10-11,23:40:15,-07:00,2025-10-11T23:40:15-07:00,1,8
style.css,112,css,347c699d,Junran Yang,2025-10-11,23:40:15,-07:00,2025-10-11T23:40:15-07:00,0,0
style.css,113,css,347c699d,Junran Yang,2025-10-11,23:40:15,-07:00,2025-10-11T23:40:15-07:00,0,0
style.css,114,css,347c699d,Junran Yang,2025-10-11,23:40:15,-07:00,2025-10-11T23:40:15-07:00,0,0
style.css,115,css,347c699d,Junran Yang,2025-10-11,23:40:15,-07:00,2025-10-11T23:40:15-07:00,0,2
style.css,116,css,347c699d,Junran Yang,2025-10-11,23:40:15,-07:00,2025-10-11T23:40:15-07:00,1,14
style.css,117,css,badb3516,Junran Yang,2025-10-04,23:28:48,-07:00,2025-10-04T23:28:48-07:00,0,0
style.css,118,css,badb3516,Junran Yang,2025-10-04,23:28:48,-07:00,2025-10-04T23:28:48-07:00,0,0
style.css,119,css,347c699d,Junran Yang,2025-10-11,23:40:15,-07:00,2025-10-11T23:40:15-07:00,0,51
style.css,120,css,347c699d,Junran Yang,2025-10-11,23:40:15,-07:00,2025-10-11T23:40:15-07:00,0,22
style.css,121,css,347c699d,Junran Yang,2025-10-11,23:40:15,-07:00,2025-10-11T23:40:15-07:00,1,15
style.css,122,css,347c699d,Junran Yang,2025-10-11,23:40:15,-07:00,2025-10-11T23:40:15-07:00,1,17
style.css,123,css,ed77436a,Junran Yang,2025-10-19,01:43:38,-07:00,2025-10-19T01:43:38-07:00,0,0
style.css,124,css,ed77436a,Junran Yang,2025-10-19,01:43:38,-07:00,2025-10-19T01:43:38-07:00,0,0
style.css,125,css,ed77436a,Junran Yang,2025-10-19,01:43:38,-07:00,2025-10-19T01:43:38-07:00,0,0
style.css,126,css,ed77436a,Junran Yang,2025-10-19,01:43:38,-07:00,2025-10-19T01:43:38-07:00,0,0
style.css,127,css,ed77436a,Junran Yang,2025-10-19,01:43:38,-07:00,2025-10-19T01:43:38-07:00,0,18
style.css,128,css,ed77436a,Junran Yang,2025-10-19,01:43:38,-07:00,2025-10-19T01:43:38-07:00,1,17
style.css,129,css,ed77436a,Junran Yang,2025-10-19,01:43:38,-07:00,2025-10-19T01:43:38-07:00,1,21
style.css,130,css,ed77436a,Junran Yang,2025-10-19,01:43:38,-07:00,2025-10-19T01:43:38-07:00,1,52
style.css,131,css,ed77436a,Junran Yang,2025-10-19,01:43:38,-07:00,2025-10-19T01:43:38-07:00,1,16
style.css,132,css,ed77436a,Junran Yang,2025-10-19,01:43:38,-07:00,2025-10-19T01:43:38-07:00,0,0
style.css,133,css,00000000,Not Committed Yet,2025-11-07,22:30:17,-08:00,2025-11-07T22:30:17-08:00,0,42
style.css,134,css,00000000,Not Committed Yet,2025-11-07,22:30:17,-08:00,2025-11-07T22:30:17-08:00,0,0
style.css,135,css,00000000,Not Committed Yet,2025-11-07,22:30:17,-08:00,2025-11-07T22:30:17-08:00,0,0
style.css,136,css,00000000,Not Committed Yet,2025-11-07,22:30:17,-08:00,2025-11-07T22:30:17-08:00,0,0
style.css,137,css,00000000,Not Committed Yet,2025-11-07,22:30:17,-08:00,2025-11-07T22:30:17-08:00,0,17
style.css,138,css,00000000,Not Committed Yet,2025-11-07,22:30:17,-08:00,2025-11-07T22:30:17-08:00,1,12
style.css,139,css,00000000,Not Committed Yet,2025-11-07,22:30:17,-08:00,2025-11-07T22:30:17-08:00,1,36
style.css,140,css,00000000,Not Committed Yet,2025-11-07,22:30:17,-08:00,2025-11-07T22:30:17-08:00,1,17
style.css,141,css,00000000,Not Committed Yet,2025-11-07,22:30:17,-08:00,2025-11-07T22:30:17-08:00,1,10
style.css,142,css,00000000,Not Committed Yet,2025-11-07,22:30:17,-08:00,2025-11-07T22:30:17-08:00,0,0
style.css,143,css,00000000,Not Committed Yet,2025-11-07,22:30:17,-08:00,2025-11-07T22:30:17-08:00,0,0
style.css,144,css,00000000,Not Committed Yet,2025-11-07,22:30:17,-08:00,2025-11-07T22:30:17-08:00,0,17
style.css,145,css,00000000,Not Committed Yet,2025-11-07,22:30:17,-08:00,2025-11-07T22:30:17-08:00,1,16
style.css,146,css,00000000,Not Committed Yet,2025-11-07,22:30:17,-08:00,2025-11-07T22:30:17-08:00,1,24
style.css,147,css,00000000,Not Committed Yet,2025-11-07,22:30:17,-08:00,2025-11-07T22:30:17-08:00,1,16
style.css,148,css,00000000,Not Committed Yet,2025-11-07,22:30:17,-08:00,2025-11-07T22:30:17-08:00,1,10
style.css,149,css,00000000,Not Committed Yet,2025-11-07,22:30:17,-08:00,2025-11-07T22:30:17-08:00,1,10
style.css,150,css,00000000,Not Committed Yet,2025-11-07,22:30:17,-08:00,2025-11-07T22:30:17-08:00,0,0
style.css,151,css,00000000,Not Committed Yet,2025-11-07,22:30:17,-08:00,2025-11-07T22:30:17-08:00,0,0
style.css,152,css,00000000,Not Committed Yet,2025-11-07,22:30:17,-08:00,2025-11-07T22:30:17-08:00,0,17
style.css,153,css,00000000,Not Committed Yet,2025-11-07,22:30:17,-08:00,2025-11-07T22:30:17-08:00,1,16
style.css,154,css,00000000,Not Committed Yet,2025-11-07,22:30:17,-08:00,2025-11-07T22:30:17-08:00,1,15
style.css,155,css,00000000,Not Committed Yet,2025-11-07,22:30:17,-08:00,2025-11-07T22:30:17-08:00,1,8
style.css,156,css,00000000,Not Committed Yet,2025-11-07,22:30:17,-08:00,2025-11-07T22:30:17-08:00,1,10
style.css,157,css,00000000,Not Committed Yet,2025-11-07,22:30:17,-08:00,2025-11-07T22:30:17-08:00,0,0
style.css,158,css,00000000,Not Committed Yet,2025-11-07,22:30:17,-08:00,2025-11-07T22:30:17-08:00,0,0
style.css,159,css,00000000,Not Committed Yet,2025-11-07,22:30:17,-08:00,2025-11-07T22:30:17-08:00,0,0
style.css,160,css,00000000,Not Committed Yet,2025-11-07,22:30:17,-08:00,2025-11-07T22:30:17-08:00,0,14
style.css,161,css,00000000,Not Committed Yet,2025-11-07,22:30:17,-08:00,2025-11-07T22:30:17-08:00,1,65
style.css,162,css,00000000,Not Committed Yet,2025-11-07,22:30:17,-08:00,2025-11-07T22:30:17-08:00,1,46
style.css,163,css,00000000,Not Committed Yet,2025-11-07,22:30:17,-08:00,2025-11-07T22:30:17-08:00,1,44
style.css,164,css,00000000,Not Committed Yet,2025-11-07,22:30:17,-08:00,2025-11-07T22:30:17-08:00,1,64
style.css,165,css,00000000,Not Committed Yet,2025-11-07,22:30:17,-08:00,2025-11-07T22:30:17-08:00,1,23
style.css,166,css,00000000,Not Committed Yet,2025-11-07,22:30:17,-08:00,2025-11-07T22:30:17-08:00,1,70
style.css,167,css,00000000,Not Committed Yet,2025-11-07,22:30:17,-08:00,2025-11-07T22:30:17-08:00,0,0
style.css,168,css,00000000,Not Committed Yet,2025-11-07,22:30:17,-08:00,2025-11-07T22:30:17-08:00,0,0
style.css,169,css,00000000,Not Committed Yet,2025-11-07,22:30:17,-08:00,2025-11-07T22:30:17-08:00,0,0
style.css,170,css,00000000,Not Committed Yet,2025-11-07,22:30:17,-08:00,2025-11-07T22:30:17-08:00,0,25
style.css,171,css,00000000,Not Committed Yet,2025-11-07,22:30:17,-08:00,2025-11-07T22:30:17-08:00,0,7
style.css,172,css,00000000,Not Committed Yet,2025-11-07,22:30:17,-08:00,2025-11-07T22:30:17-08:00,1,12
style.css,173,css,00000000,Not Committed Yet,2025-11-07,22:30:17,-08:00,2025-11-07T22:30:17-08:00,1,57
style.css,174,css,00000000,Not Committed Yet,2025-11-07,22:30:17,-08:00,2025-11-07T22:30:17-08:00,1,9
style.css,175,css,00000000,Not Committed Yet,2025-11-07,22:30:17,-08:00,2025-11-07T22:30:17-08:00,1,16
style.css,176,css,00000000,Not Committed Yet,2025-11-07,22:30:17,-08:00,2025-11-07T22:30:17-08:00,1,13
style.css,177,css,00000000,Not Committed Yet,2025-11-07,22:30:17,-08:00,2025-11-07T22:30:17-08:00,1,37
style.css,178,css,00000000,Not Committed Yet,2025-11-07,22:30:17,-08:00,2025-11-07T22:30:17-08:00,0,0
style.css,179,css,00000000,Not Committed Yet,2025-11-07,22:30:17,-08:00,2025-11-07T22:30:17-08:00,0,0
style.css,180,css,00000000,Not Committed Yet,2025-11-07,22:30:17,-08:00,2025-11-07T22:30:17-08:00,0,28
style.css,181,css,00000000,Not Committed Yet,2025-11-07,22:30:17,-08:00,2025-11-07T22:30:17-08:00,0,12
style.css,182,css,00000000,Not Committed Yet,2025-11-07,22:30:17,-08:00,2025-11-07T22:30:17-08:00,1,12
style.css,183,css,00000000,Not Committed Yet,2025-11-07,22:30:17,-08:00,2025-11-07T22:30:17-08:00,1,18
style.css,184,css,00000000,Not Committed Yet,2025-11-07,22:30:17,-08:00,2025-11-07T22:30:17-08:00,1,9
style.css,185,css,00000000,Not Committed Yet,2025-11-07,22:30:17,-08:00,2025-11-07T22:30:17-08:00,0,0
style.css,186,css,00000000,Not Committed Yet,2025-11-07,22:30:17,-08:00,2025-11-07T22:30:17-08:00,0,0
style.css,187,css,00000000,Not Committed Yet,2025-11-07,22:30:17,-08:00,2025-11-07T22:30:17-08:00,0,28
style.css,188,css,00000000,Not Committed Yet,2025-11-07,22:30:17,-08:00,2025-11-07T22:30:17-08:00,0,7
style.css,189,css,00000000,Not Committed Yet,2025-11-07,22:30:17,-08:00,2025-11-07T22:30:17-08:00,1,9
style.css,190,css,00000000,Not Committed Yet,2025-11-07,22:30:17,-08:00,2025-11-07T22:30:17-08:00,1,18
style.css,191,css,00000000,Not Committed Yet,2025-11-07,22:30:17,-08:00,2025-11-07T22:30:17-08:00,1,20
style.css,192,css,00000000,Not Committed Yet,2025-11-07,22:30:17,-08:00,2025-11-07T22:30:17-08:00,1,83
style.css,193,css,00000000,Not Committed Yet,2025-11-07,22:30:17,-08:00,2025-11-07T22:30:17-08:00,1,20
style.css,194,css,00000000,Not Committed Yet,2025-11-07,22:30:17,-08:00,2025-11-07T22:30:17-08:00,0,0
style.css,195,css,00000000,Not Committed Yet,2025-11-07,22:30:17,-08:00,2025-11-07T22:30:17-08:00,0,0
style.css,196,css,00000000,Not Committed Yet,2025-11-07,22:30:17,-08:00,2025-11-07T22:30:17-08:00,0,58
style.css,197,css,00000000,Not Committed Yet,2025-11-07,22:30:17,-08:00,2025-11-07T22:30:17-08:00,0,10
style.css,198,css,00000000,Not Committed Yet,2025-11-07,22:30:17,-08:00,2025-11-07T22:30:17-08:00,1,12
style.css,199,css,00000000,Not Committed Yet,2025-11-07,22:30:17,-08:00,2025-11-07T22:30:17-08:00,1,58
style.css,200,css,00000000,Not Committed Yet,2025-11-07,22:30:17,-08:00,2025-11-07T22:30:17-08:00,1,42
style.css,201,css,00000000,Not Committed Yet,2025-11-07,22:30:17,-08:00,2025-11-07T22:30:17-08:00,1,57
style.css,202,css,00000000,Not Committed Yet,2025-11-07,22:30:17,-08:00,2025-11-07T22:30:17-08:00,1,50
style.css,203,css,00000000,Not Committed Yet,2025-11-07,22:30:17,-08:00,2025-11-07T22:30:17-08:00,0,0
style.css,204,css,00000000,Not Committed Yet,2025-11-07,22:30:17,-08:00,2025-11-07T22:30:17-08:00,0,0
style.css,205,css,00000000,Not Committed Yet,2025-11-07,22:30:17,-08:00,2025-11-07T22:30:17-08:00,0,51
style.css,206,css,00000000,Not Committed Yet,2025-11-07,22:30:17,-08:00,2025-11-07T22:30:17-08:00,0,7
style.css,207,css,00000000,Not Committed Yet,2025-11-07,22:30:17,-08:00,2025-11-07T22:30:17-08:00,1,6
style.css,208,css,00000000,Not Committed Yet,2025-11-07,22:30:17,-08:00,2025-11-07T22:30:17-08:00,1,36
style.css,209,css,00000000,Not Committed Yet,2025-11-07,22:30:17,-08:00,2025-11-07T22:30:17-08:00,0,0
style.css,210,css,00000000,Not Committed Yet,2025-11-07,22:30:17,-08:00,2025-11-07T22:30:17-08:00,0,0
style.css,211,css,00000000,Not Committed Yet,2025-11-07,22:30:17,-08:00,2025-11-07T22:30:17-08:00,0,0
style.css,212,css,00000000,Not Committed Yet,2025-11-07,22:30:17,-08:00,2025-11-07T22:30:17-08:00,0,38
style.css,213,css,00000000,Not Committed Yet,2025-11-07,22:30:17,-08:00,2025-11-07T22:30:17-08:00,0,14
style.css,214,css,00000000,Not Committed Yet,2025-11-07,22:30:17,-08:00,2025-11-07T22:30:17-08:00,0,63
style.css,215,css,00000000,Not Committed Yet,2025-11-07,22:30:17,-08:00,2025-11-07T22:30:17-08:00,0,0
style.css,216,css,00000000,Not Committed Yet,2025-11-07,22:30:17,-08:00,2025-11-07T22:30:17-08:00,0,32
style.css,217,css,00000000,Not Committed Yet,2025-11-07,22:30:17,-08:00,2025-11-07T22:30:17-08:00,0,77
style.css,218,css,00000000,Not Committed Yet,2025-11-07,22:30:17,-08:00,2025-11-07T22:30:17-08:00,0,31
style.css,219,css,00000000,Not Committed Yet,2025-11-07,22:30:17,-08:00,2025-11-07T22:30:17-08:00,0,0
style.css,220,css,00000000,Not Committed Yet,2025-11-07,22:30:17,-08:00,2025-11-07T22:30:17-08:00,0,38
style.css,221,css,00000000,Not Committed Yet,2025-11-07,22:30:17,-08:00,2025-11-07T22:30:17-08:00,0,82
style.css,222,css,00000000,Not Committed Yet,2025-11-07,22:30:17,-08:00,2025-11-07T22:30:17-08:00,0,0
style.css,223,css,00000000,Not Committed Yet,2025-11-07,22:30:17,-08:00,2025-11-07T22:30:17-08:00,0,0
index.html,1,html,e2eaa856,Junran Yang,2025-10-04,17:21:06,-07:00,2025-10-04T17:21:06-07:00,0,13
index.html,2,html,e2eaa856,Junran Yang,2025-10-04,17:21:06,-07:00,2025-10-04T17:21:06-07:00,0,14
index.html,3,html,e2eaa856,Junran Yang,2025-10-04,17:21:06,-07:00,2025-10-04T17:21:06-07:00,0,4
index.html,4,html,cd2ba647,Junran Yang,2025-10-04,18:04:40,-07:00,2025-10-04T18:04:40-07:00,2,38
index.html,5,html,3daec96e,Junran Yang,2025-10-17,22:21:29,-07:00,2025-10-17T22:21:29-07:00,2,45
index.html,6,html,00000000,Not Committed Yet,2025-11-07,22:30:17,-08:00,2025-11-07T22:30:17-08:00,2,44
index.html,7,html,e2eaa856,Junran Yang,2025-10-04,17:21:06,-07:00,2025-10-04T17:21:06-07:00,2,20
index.html,8,html,e2eaa856,Junran Yang,2025-10-04,17:21:06,-07:00,2025-10-04T17:21:06-07:00,2,68
index.html,9,html,e2eaa856,Junran Yang,2025-10-04,17:21:06,-07:00,2025-10-04T17:21:06-07:00,2,53
index.html,10,html,e2eaa856,Junran Yang,2025-10-04,17:21:06,-07:00,2025-10-04T17:21:06-07:00,0,5
index.html,11,html,e2eaa856,Junran Yang,2025-10-04,17:21:06,-07:00,2025-10-04T17:21:06-07:00,0,4
index.html,12,html,ed77436a,Junran Yang,2025-10-19,01:43:38,-07:00,2025-10-19T01:43:38-07:00,2,8
index.html,13,html,9d6ac60d,Junran Yang,2025-10-17,22:34:42,-07:00,2025-10-17T22:34:42-07:00,4,27
index.html,14,html,badb3516,Junran Yang,2025-10-04,23:28:48,-07:00,2025-10-04T23:28:48-07:00,4,40
index.html,15,html,badb3516,Junran Yang,2025-10-04,23:28:48,-07:00,2025-10-04T23:28:48-07:00,4,38
index.html,16,html,badb3516,Junran Yang,2025-10-04,23:28:48,-07:00,2025-10-04T23:28:48-07:00,4,71
index.html,17,html,badb3516,Junran Yang,2025-10-04,23:28:48,-07:00,2025-10-04T23:28:48-07:00,4,22
index.html,18,html,ed77436a,Junran Yang,2025-10-19,01:43:38,-07:00,2025-10-19T01:43:38-07:00,2,8
index.html,19,html,e2eaa856,Junran Yang,2025-10-04,17:21:06,-07:00,2025-10-04T17:21:06-07:00,2,18
index.html,20,html,badb3516,Junran Yang,2025-10-04,23:28:48,-07:00,2025-10-04T23:28:48-07:00,2,600
index.html,21,html,badb3516,Junran Yang,2025-10-04,23:28:48,-07:00,2025-10-04T23:28:48-07:00,2,55
index.html,22,html,00000000,Not Committed Yet,2025-11-07,22:30:17,-08:00,2025-11-07T22:30:17-08:00,0,0
index.html,23,html,00000000,Not Committed Yet,2025-11-07,22:30:17,-08:00,2025-11-07T22:30:17-08:00,2,22
index.html,24,html,00000000,Not Committed Yet,2025-11-07,22:30:17,-08:00,2025-11-07T22:30:17-08:00,2,20
index.html,25,html,00000000,Not Committed Yet,2025-11-07,22:30:17,-08:00,2025-11-07T22:30:17-08:00,2,49
index.html,26,html,00000000,Not Committed Yet,2025-11-07,22:30:17,-08:00,2025-11-07T22:30:17-08:00,2,4
index.html,27,html,00000000,Not Committed Yet,2025-11-07,22:30:17,-08:00,2025-11-07T22:30:17-08:00,2,21
index.html,28,html,00000000,Not Committed Yet,2025-11-07,22:30:17,-08:00,2025-11-07T22:30:17-08:00,2,22
index.html,29,html,00000000,Not Committed Yet,2025-11-07,22:30:17,-08:00,2025-11-07T22:30:17-08:00,2,52
index.html,30,html,00000000,Not Committed Yet,2025-11-07,22:30:17,-08:00,2025-11-07T22:30:17-08:00,2,4
index.html,31,html,00000000,Not Committed Yet,2025-11-07,22:30:17,-08:00,2025-11-07T22:30:17-08:00,0,0
index.html,32,html,e2eaa856,Junran Yang,2025-10-04,17:21:06,-07:00,2025-10-04T17:21:06-07:00,0,5
index.html,33,html,e2eaa856,Junran Yang,2025-10-04,17:21:06,-07:00,2025-10-04T17:21:06-07:00,0,5
global.js,1,js,3daec96e,Junran Yang,2025-10-17,22:21:29,-07:00,2025-10-17T22:21:29-07:00,0,25
global.js,2,js,3daec96e,Junran Yang,2025-10-17,22:21:29,-07:00,2025-10-17T22:21:29-07:00,0,0
global.js,3,js,ed77436a,Junran Yang,2025-10-19,01:43:38,-07:00,2025-10-19T01:43:38-07:00,0,31
global.js,4,js,ed77436a,Junran Yang,2025-10-19,01:43:38,-07:00,2025-10-19T01:43:38-07:00,1,11
global.js,5,js,ed77436a,Junran Yang,2025-10-19,01:43:38,-07:00,2025-10-19T01:43:38-07:00,1,0
global.js,6,js,ed77436a,Junran Yang,2025-10-19,01:43:38,-07:00,2025-10-19T01:43:38-07:00,1,26
global.js,7,js,ed77436a,Junran Yang,2025-10-19,01:43:38,-07:00,2025-10-19T01:43:38-07:00,2,4
global.js,8,js,ed77436a,Junran Yang,2025-10-19,01:43:38,-07:00,2025-10-19T01:43:38-07:00,2,24
global.js,9,js,ed77436a,Junran Yang,2025-10-19,01:43:38,-07:00,2025-10-19T01:43:38-07:00,3,43
global.js,10,js,ed77436a,Junran Yang,2025-10-19,01:43:38,-07:00,2025-10-19T01:43:38-07:00,3,34
global.js,11,js,ed77436a,Junran Yang,2025-10-19,01:43:38,-07:00,2025-10-19T01:43:38-07:00,3,32
global.js,12,js,ed77436a,Junran Yang,2025-10-19,01:43:38,-07:00,2025-10-19T01:43:38-07:00,2,7
global.js,13,js,ed77436a,Junran Yang,2025-10-19,01:43:38,-07:00,2025-10-19T01:43:38-07:00,1,6
global.js,14,js,ed77436a,Junran Yang,2025-10-19,01:43:38,-07:00,2025-10-19T01:43:38-07:00,1,0
global.js,15,js,ed77436a,Junran Yang,2025-10-19,01:43:38,-07:00,2025-10-19T01:43:38-07:00,0,0
global.js,16,js,ed77436a,Junran Yang,2025-10-19,01:43:38,-07:00,2025-10-19T01:43:38-07:00,0,0
global.js,17,js,3daec96e,Junran Yang,2025-10-17,22:21:29,-07:00,2025-10-17T22:21:29-07:00,0,41
global.js,18,js,3daec96e,Junran Yang,2025-10-17,22:21:29,-07:00,2025-10-17T22:21:29-07:00,1,52
global.js,19,js,3daec96e,Junran Yang,2025-10-17,22:21:29,-07:00,2025-10-17T22:21:29-07:00,0,0
global.js,20,js,3daec96e,Junran Yang,2025-10-17,22:21:29,-07:00,2025-10-17T22:21:29-07:00,0,0
global.js,21,js,ed77436a,Junran Yang,2025-10-19,01:43:38,-07:00,2025-10-19T01:43:38-07:00,0,75
global.js,22,js,ed77436a,Junran Yang,2025-10-19,01:43:38,-07:00,2025-10-19T01:43:38-07:00,0,23
global.js,23,js,9d6ac60d,Junran Yang,2025-10-17,22:34:42,-07:00,2025-10-17T22:34:42-07:00,0,0
global.js,24,js,d11c0af8,Junran Yang,2025-10-17,22:45:30,-07:00,2025-10-17T22:45:30-07:00,0,0
global.js,25,js,ed77436a,Junran Yang,2025-10-19,01:43:38,-07:00,2025-10-19T01:43:38-07:00,0,33
global.js,26,js,ed77436a,Junran Yang,2025-10-19,01:43:38,-07:00,2025-10-19T01:43:38-07:00,0,70
global.js,27,js,ed77436a,Junran Yang,2025-10-19,01:43:38,-07:00,2025-10-19T01:43:38-07:00,0,3
global.js,28,js,ed77436a,Junran Yang,2025-10-19,01:43:38,-07:00,2025-10-19T01:43:38-07:00,0,43
global.js,29,js,ed77436a,Junran Yang,2025-10-19,01:43:38,-07:00,2025-10-19T01:43:38-07:00,0,0
global.js,30,js,ed77436a,Junran Yang,2025-10-19,01:43:38,-07:00,2025-10-19T01:43:38-07:00,0,19
global.js,31,js,ed77436a,Junran Yang,2025-10-19,01:43:38,-07:00,2025-10-19T01:43:38-07:00,0,39
global.js,32,js,ed77436a,Junran Yang,2025-10-19,01:43:38,-07:00,2025-10-19T01:43:38-07:00,0,41
global.js,33,js,ed77436a,Junran Yang,2025-10-19,01:43:38,-07:00,2025-10-19T01:43:38-07:00,0,2
global.js,34,js,ed77436a,Junran Yang,2025-10-19,01:43:38,-07:00,2025-10-19T01:43:38-07:00,0,0
global.js,35,js,ed77436a,Junran Yang,2025-10-19,01:43:38,-07:00,2025-10-19T01:43:38-07:00,0,0
global.js,36,js,ed77436a,Junran Yang,2025-10-19,01:43:38,-07:00,2025-10-19T01:43:38-07:00,0,34
global.js,37,js,ed77436a,Junran Yang,2025-10-19,01:43:38,-07:00,2025-10-19T01:43:38-07:00,0,0
global.js,38,js,ed77436a,Junran Yang,2025-10-19,01:43:38,-07:00,2025-10-19T01:43:38-07:00,0,41
global.js,39,js,ed77436a,Junran Yang,2025-10-19,01:43:38,-07:00,2025-10-19T01:43:38-07:00,0,11
global.js,40,js,ed77436a,Junran Yang,2025-10-19,01:43:38,-07:00,2025-10-19T01:43:38-07:00,1,25
global.js,41,js,ed77436a,Junran Yang,2025-10-19,01:43:38,-07:00,2025-10-19T01:43:38-07:00,1,38
global.js,42,js,ed77436a,Junran Yang,2025-10-19,01:43:38,-07:00,2025-10-19T01:43:38-07:00,1,30
global.js,43,js,ed77436a,Junran Yang,2025-10-19,01:43:38,-07:00,2025-10-19T01:43:38-07:00,1,36
global.js,44,js,ed77436a,Junran Yang,2025-10-19,01:43:38,-07:00,2025-10-19T01:43:38-07:00,1,62
global.js,45,js,ed77436a,Junran Yang,2025-10-19,01:43:38,-07:00,2025-10-19T01:43:38-07:00,0,0
global.js,46,js,ed77436a,Junran Yang,2025-10-19,01:43:38,-07:00,2025-10-19T01:43:38-07:00,0,0
global.js,47,js,ed77436a,Junran Yang,2025-10-19,01:43:38,-07:00,2025-10-19T01:43:38-07:00,0,50
global.js,48,js,ed77436a,Junran Yang,2025-10-19,01:43:38,-07:00,2025-10-19T01:43:38-07:00,0,15
global.js,49,js,ed77436a,Junran Yang,2025-10-19,01:43:38,-07:00,2025-10-19T01:43:38-07:00,1,68
global.js,50,js,ed77436a,Junran Yang,2025-10-19,01:43:38,-07:00,2025-10-19T01:43:38-07:00,2,46
global.js,51,js,ed77436a,Junran Yang,2025-10-19,01:43:38,-07:00,2025-10-19T01:43:38-07:00,2,56
global.js,52,js,ed77436a,Junran Yang,2025-10-19,01:43:38,-07:00,2025-10-19T01:43:38-07:00,0,45
global.js,53,js,ed77436a,Junran Yang,2025-10-19,01:43:38,-07:00,2025-10-19T01:43:38-07:00,0,0
global.js,54,js,ed77436a,Junran Yang,2025-10-19,01:43:38,-07:00,2025-10-19T01:43:38-07:00,0,59
global.js,55,js,ed77436a,Junran Yang,2025-10-19,01:43:38,-07:00,2025-10-19T01:43:38-07:00,0,38
global.js,56,js,ed77436a,Junran Yang,2025-10-19,01:43:38,-07:00,2025-10-19T01:43:38-07:00,0,25
global.js,57,js,ed77436a,Junran Yang,2025-10-19,01:43:38,-07:00,2025-10-19T01:43:38-07:00,0,0
global.js,58,js,ed77436a,Junran Yang,2025-10-19,01:43:38,-07:00,2025-10-19T01:43:38-07:00,0,31
global.js,59,js,ed77436a,Junran Yang,2025-10-19,01:43:38,-07:00,2025-10-19T01:43:38-07:00,0,20
global.js,60,js,ed77436a,Junran Yang,2025-10-19,01:43:38,-07:00,2025-10-19T01:43:38-07:00,1,14
global.js,61,js,ed77436a,Junran Yang,2025-10-19,01:43:38,-07:00,2025-10-19T01:43:38-07:00,1,18
global.js,62,js,ed77436a,Junran Yang,2025-10-19,01:43:38,-07:00,2025-10-19T01:43:38-07:00,0,0
global.js,63,js,ed77436a,Junran Yang,2025-10-19,01:43:38,-07:00,2025-10-19T01:43:38-07:00,1,37
global.js,64,js,ed77436a,Junran Yang,2025-10-19,01:43:38,-07:00,2025-10-19T01:43:38-07:00,1,28
global.js,65,js,ed77436a,Junran Yang,2025-10-19,01:43:38,-07:00,2025-10-19T01:43:38-07:00,2,20
global.js,66,js,ed77436a,Junran Yang,2025-10-19,01:43:38,-07:00,2025-10-19T01:43:38-07:00,1,0
global.js,67,js,ed77436a,Junran Yang,2025-10-19,01:43:38,-07:00,2025-10-19T01:43:38-07:00,0,0
global.js,68,js,ed77436a,Junran Yang,2025-10-19,01:43:38,-07:00,2025-10-19T01:43:38-07:00,1,19
global.js,69,js,ed77436a,Junran Yang,2025-10-19,01:43:38,-07:00,2025-10-19T01:43:38-07:00,1,34
global.js,70,js,ed77436a,Junran Yang,2025-10-19,01:43:38,-07:00,2025-10-19T01:43:38-07:00,1,11
global.js,71,js,ed77436a,Junran Yang,2025-10-19,01:43:38,-07:00,2025-10-19T01:43:38-07:00,1,20
global.js,72,js,ed77436a,Junran Yang,2025-10-19,01:43:38,-07:00,2025-10-19T01:43:38-07:00,0,0
global.js,73,js,ed77436a,Junran Yang,2025-10-19,01:43:38,-07:00,2025-10-19T01:43:38-07:00,1,41
global.js,74,js,ed77436a,Junran Yang,2025-10-19,01:43:38,-07:00,2025-10-19T01:43:38-07:00,1,17
global.js,75,js,ed77436a,Junran Yang,2025-10-19,01:43:38,-07:00,2025-10-19T01:43:38-07:00,2,8
global.js,76,js,ed77436a,Junran Yang,2025-10-19,01:43:38,-07:00,2025-10-19T01:43:38-07:00,2,58
global.js,77,js,ed77436a,Junran Yang,2025-10-19,01:43:38,-07:00,2025-10-19T01:43:38-07:00,1,0
global.js,78,js,ed77436a,Junran Yang,2025-10-19,01:43:38,-07:00,2025-10-19T01:43:38-07:00,0,0
global.js,79,js,ed77436a,Junran Yang,2025-10-19,01:43:38,-07:00,2025-10-19T01:43:38-07:00,1,33
global.js,80,js,ed77436a,Junran Yang,2025-10-19,01:43:38,-07:00,2025-10-19T01:43:38-07:00,1,52
global.js,81,js,ed77436a,Junran Yang,2025-10-19,01:43:38,-07:00,2025-10-19T01:43:38-07:00,0,0
global.js,82,js,ed77436a,Junran Yang,2025-10-19,01:43:38,-07:00,2025-10-19T01:43:38-07:00,1,24
global.js,83,js,ed77436a,Junran Yang,2025-10-19,01:43:38,-07:00,2025-10-19T01:43:38-07:00,1,12
global.js,84,js,ed77436a,Junran Yang,2025-10-19,01:43:38,-07:00,2025-10-19T01:43:38-07:00,0,0
global.js,85,js,ed77436a,Junran Yang,2025-10-19,01:43:38,-07:00,2025-10-19T01:43:38-07:00,0,0
global.js,86,js,ed77436a,Junran Yang,2025-10-19,01:43:38,-07:00,2025-10-19T01:43:38-07:00,0,53
global.js,87,js,ed77436a,Junran Yang,2025-10-19,01:43:38,-07:00,2025-10-19T01:43:38-07:00,0,0
global.js,88,js,ed77436a,Junran Yang,2025-10-19,01:43:38,-07:00,2025-10-19T01:43:38-07:00,0,74
global.js,89,js,ed77436a,Junran Yang,2025-10-19,01:43:38,-07:00,2025-10-19T01:43:38-07:00,0,75
global.js,90,js,ed77436a,Junran Yang,2025-10-19,01:43:38,-07:00,2025-10-19T01:43:38-07:00,0,42
global.js,91,js,ed77436a,Junran Yang,2025-10-19,01:43:38,-07:00,2025-10-19T01:43:38-07:00,1,64
global.js,92,js,ed77436a,Junran Yang,2025-10-19,01:43:38,-07:00,2025-10-19T01:43:38-07:00,1,19
global.js,93,js,ed77436a,Junran Yang,2025-10-19,01:43:38,-07:00,2025-10-19T01:43:38-07:00,0,6
global.js,94,js,ed77436a,Junran Yang,2025-10-19,01:43:38,-07:00,2025-10-19T01:43:38-07:00,1,33
global.js,95,js,ed77436a,Junran Yang,2025-10-19,01:43:38,-07:00,2025-10-19T01:43:38-07:00,1,26
global.js,96,js,ed77436a,Junran Yang,2025-10-19,01:43:38,-07:00,2025-10-19T01:43:38-07:00,1,81
global.js,97,js,ed77436a,Junran Yang,2025-10-19,01:43:38,-07:00,2025-10-19T01:43:38-07:00,1,60
global.js,98,js,ed77436a,Junran Yang,2025-10-19,01:43:38,-07:00,2025-10-19T01:43:38-07:00,0,0
global.js,99,js,ed77436a,Junran Yang,2025-10-19,01:43:38,-07:00,2025-10-19T01:43:38-07:00,0,0
global.js,100,js,ed77436a,Junran Yang,2025-10-19,01:43:38,-07:00,2025-10-19T01:43:38-07:00,0,25
global.js,101,js,ed77436a,Junran Yang,2025-10-19,01:43:38,-07:00,2025-10-19T01:43:38-07:00,0,39
global.js,102,js,ed77436a,Junran Yang,2025-10-19,01:43:38,-07:00,2025-10-19T01:43:38-07:00,1,63
global.js,103,js,ed77436a,Junran Yang,2025-10-19,01:43:38,-07:00,2025-10-19T01:43:38-07:00,0,0
global.js,104,js,ed77436a,Junran Yang,2025-10-19,01:43:38,-07:00,2025-10-19T01:43:38-07:00,1,27
global.js,105,js,ed77436a,Junran Yang,2025-10-19,01:43:38,-07:00,2025-10-19T01:43:38-07:00,2,62
global.js,106,js,ed77436a,Junran Yang,2025-10-19,01:43:38,-07:00,2025-10-19T01:43:38-07:00,2,60
global.js,107,js,ed77436a,Junran Yang,2025-10-19,01:43:38,-07:00,2025-10-19T01:43:38-07:00,2,37
global.js,108,js,ed77436a,Junran Yang,2025-10-19,01:43:38,-07:00,2025-10-19T01:43:38-07:00,1,6
global.js,109,js,ed77436a,Junran Yang,2025-10-19,01:43:38,-07:00,2025-10-19T01:43:38-07:00,2,27
global.js,110,js,ed77436a,Junran Yang,2025-10-19,01:43:38,-07:00,2025-10-19T01:43:38-07:00,2,64
global.js,111,js,ed77436a,Junran Yang,2025-10-19,01:43:38,-07:00,2025-10-19T01:43:38-07:00,2,41
global.js,112,js,ed77436a,Junran Yang,2025-10-19,01:43:38,-07:00,2025-10-19T01:43:38-07:00,1,0
global.js,113,js,ed77436a,Junran Yang,2025-10-19,01:43:38,-07:00,2025-10-19T01:43:38-07:00,0,1
global.js,114,js,ed77436a,Junran Yang,2025-10-19,01:43:38,-07:00,2025-10-19T01:43:38-07:00,0,0
global.js,115,js,ed77436a,Junran Yang,2025-10-19,01:43:38,-07:00,2025-10-19T01:43:38-07:00,0,0
global.js,116,js,00000000,Not Committed Yet,2025-11-07,22:30:18,-08:00,2025-11-07T22:30:18-08:00,0,16
global.js,117,js,00000000,Not Committed Yet,2025-11-07,22:30:18,-08:00,2025-11-07T22:30:18-08:00,0,36
global.js,118,js,00000000,Not Committed Yet,2025-11-07,22:30:18,-08:00,2025-11-07T22:30:18-08:00,1,3
global.js,119,js,00000000,Not Committed Yet,2025-11-07,22:30:18,-08:00,2025-11-07T22:30:18-08:00,2,32
global.js,120,js,00000000,Not Committed Yet,2025-11-07,22:30:18,-08:00,2025-11-07T22:30:18-08:00,2,17
global.js,121,js,00000000,Not Committed Yet,2025-11-07,22:30:18,-08:00,2025-11-07T22:30:18-08:00,3,85
global.js,122,js,00000000,Not Committed Yet,2025-11-07,22:30:18,-08:00,2025-11-07T22:30:18-08:00,2,0
global.js,123,js,00000000,Not Committed Yet,2025-11-07,22:30:18,-08:00,2025-11-07T22:30:18-08:00,2,33
global.js,124,js,00000000,Not Committed Yet,2025-11-07,22:30:18,-08:00,2025-11-07T22:30:18-08:00,2,10
global.js,125,js,00000000,Not Committed Yet,2025-11-07,22:30:18,-08:00,2025-11-07T22:30:18-08:00,1,13
global.js,126,js,00000000,Not Committed Yet,2025-11-07,22:30:18,-08:00,2025-11-07T22:30:18-08:00,2,57
global.js,127,js,00000000,Not Committed Yet,2025-11-07,22:30:18,-08:00,2025-11-07T22:30:18-08:00,2,8
global.js,128,js,00000000,Not Committed Yet,2025-11-07,22:30:18,-08:00,2025-11-07T22:30:18-08:00,1,0
global.js,129,js,00000000,Not Committed Yet,2025-11-07,22:30:18,-08:00,2025-11-07T22:30:18-08:00,0,0
global.js,130,js,ed77436a,Junran Yang,2025-10-19,01:43:38,-07:00,2025-10-19T01:43:38-07:00,0,0
global.js,131,js,00000000,Not Committed Yet,2025-11-07,22:30:18,-08:00,2025-11-07T22:30:18-08:00,0,17
global.js,132,js,00000000,Not Committed Yet,2025-11-07,22:30:18,-08:00,2025-11-07T22:30:18-08:00,0,79
global.js,133,js,00000000,Not Committed Yet,2025-11-07,22:30:18,-08:00,2025-11-07T22:30:18-08:00,1,22
global.js,134,js,00000000,Not Committed Yet,2025-11-07,22:30:18,-08:00,2025-11-07T22:30:18-08:00,2,59
global.js,135,js,00000000,Not Committed Yet,2025-11-07,22:30:18,-08:00,2025-11-07T22:30:18-08:00,2,5
global.js,136,js,00000000,Not Committed Yet,2025-11-07,22:30:18,-08:00,2025-11-07T22:30:18-08:00,1,0
global.js,137,js,00000000,Not Committed Yet,2025-11-07,22:30:18,-08:00,2025-11-07T22:30:18-08:00,1,29
global.js,138,js,00000000,Not Committed Yet,2025-11-07,22:30:18,-08:00,2025-11-07T22:30:18-08:00,2,57
global.js,139,js,00000000,Not Committed Yet,2025-11-07,22:30:18,-08:00,2025-11-07T22:30:18-08:00,2,5
global.js,140,js,00000000,Not Committed Yet,2025-11-07,22:30:18,-08:00,2025-11-07T22:30:18-08:00,1,0
global.js,141,js,ed77436a,Junran Yang,2025-10-19,01:43:38,-07:00,2025-10-19T01:43:38-07:00,0,0
global.js,142,js,00000000,Not Committed Yet,2025-11-07,22:30:18,-08:00,2025-11-07T22:30:18-08:00,1,30
global.js,143,js,00000000,Not Committed Yet,2025-11-07,22:30:18,-08:00,2025-11-07T22:30:18-08:00,0,0
global.js,144,js,00000000,Not Committed Yet,2025-11-07,22:30:18,-08:00,2025-11-07T22:30:18-08:00,1,31
global.js,145,js,00000000,Not Committed Yet,2025-11-07,22:30:18,-08:00,2025-11-07T22:30:18-08:00,2,48
global.js,146,js,00000000,Not Committed Yet,2025-11-07,22:30:18,-08:00,2025-11-07T22:30:18-08:00,2,19
global.js,147,js,00000000,Not Committed Yet,2025-11-07,22:30:18,-08:00,2025-11-07T22:30:18-08:00,3,71
global.js,148,js,00000000,Not Committed Yet,2025-11-07,22:30:18,-08:00,2025-11-07T22:30:18-08:00,3,62
global.js,149,js,00000000,Not Committed Yet,2025-11-07,22:30:18,-08:00,2025-11-07T22:30:18-08:00,5,42
global.js,150,js,00000000,Not Committed Yet,2025-11-07,22:30:18,-08:00,2025-11-07T22:30:18-08:00,3,24
global.js,151,js,00000000,Not Committed Yet,2025-11-07,22:30:18,-08:00,2025-11-07T22:30:18-08:00,4,58
global.js,152,js,00000000,Not Committed Yet,2025-11-07,22:30:18,-08:00,2025-11-07T22:30:18-08:00,4,59
global.js,153,js,00000000,Not Committed Yet,2025-11-07,22:30:18,-08:00,2025-11-07T22:30:18-08:00,3,4
global.js,154,js,00000000,Not Committed Yet,2025-11-07,22:30:18,-08:00,2025-11-07T22:30:18-08:00,2,0
global.js,155,js,00000000,Not Committed Yet,2025-11-07,22:30:18,-08:00,2025-11-07T22:30:18-08:00,2,36
global.js,156,js,00000000,Not Committed Yet,2025-11-07,22:30:18,-08:00,2025-11-07T22:30:18-08:00,1,0
global.js,157,js,00000000,Not Committed Yet,2025-11-07,22:30:18,-08:00,2025-11-07T22:30:18-08:00,0,0
global.js,158,js,ed77436a,Junran Yang,2025-10-19,01:43:38,-07:00,2025-10-19T01:43:38-07:00,0,0
global.js,159,js,00000000,Not Committed Yet,2025-11-07,22:30:18,-08:00,2025-11-07T22:30:18-08:00,0,47
global.js,160,js,00000000,Not Committed Yet,2025-11-07,22:30:18,-08:00,2025-11-07T22:30:18-08:00,1,59
global.js,161,js,00000000,Not Committed Yet,2025-11-07,22:30:18,-08:00,2025-11-07T22:30:18-08:00,0,0
global.js,162,js,ed77436a,Junran Yang,2025-10-19,01:43:38,-07:00,2025-10-19T01:43:38-07:00,0,0
cv.html,1,html,badb3516,Junran Yang,2025-10-04,23:28:48,-07:00,2025-10-04T23:28:48-07:00,0,13
cv.html,2,html,badb3516,Junran Yang,2025-10-04,23:28:48,-07:00,2025-10-04T23:28:48-07:00,0,14
cv.html,3,html,badb3516,Junran Yang,2025-10-04,23:28:48,-07:00,2025-10-04T23:28:48-07:00,0,4
cv.html,4,html,badb3516,Junran Yang,2025-10-04,23:28:48,-07:00,2025-10-04T23:28:48-07:00,1,20
cv.html,5,html,badb3516,Junran Yang,2025-10-04,23:28:48,-07:00,2025-10-04T23:28:48-07:00,1,68
cv.html,6,html,badb3516,Junran Yang,2025-10-04,23:28:48,-07:00,2025-10-04T23:28:48-07:00,1,37
cv.html,7,html,badb3516,Junran Yang,2025-10-04,23:28:48,-07:00,2025-10-04T23:28:48-07:00,1,38
cv.html,8,html,ed77436a,Junran Yang,2025-10-19,01:43:38,-07:00,2025-10-19T01:43:38-07:00,1,45
cv.html,9,html,badb3516,Junran Yang,2025-10-04,23:28:48,-07:00,2025-10-04T23:28:48-07:00,0,5
cv.html,10,html,badb3516,Junran Yang,2025-10-04,23:28:48,-07:00,2025-10-04T23:28:48-07:00,0,4
cv.html,11,html,ed77436a,Junran Yang,2025-10-19,01:43:38,-07:00,2025-10-19T01:43:38-07:00,1,8
cv.html,12,html,badb3516,Junran Yang,2025-10-04,23:28:48,-07:00,2025-10-04T23:28:48-07:00,2,27
cv.html,13,html,badb3516,Junran Yang,2025-10-04,23:28:48,-07:00,2025-10-04T23:28:48-07:00,2,40
cv.html,14,html,badb3516,Junran Yang,2025-10-04,23:28:48,-07:00,2025-10-04T23:28:48-07:00,2,38
cv.html,15,html,faf05bef,Junran Yang,2025-10-04,23:43:35,-07:00,2025-10-04T23:43:35-07:00,2,71
cv.html,16,html,9d6ac60d,Junran Yang,2025-10-17,22:34:42,-07:00,2025-10-17T22:34:42-07:00,2,22
cv.html,17,html,ed77436a,Junran Yang,2025-10-19,01:43:38,-07:00,2025-10-19T01:43:38-07:00,1,8
cv.html,18,html,badb3516,Junran Yang,2025-10-04,23:28:48,-07:00,2025-10-04T23:28:48-07:00,0,0
cv.html,19,html,badb3516,Junran Yang,2025-10-04,23:28:48,-07:00,2025-10-04T23:28:48-07:00,1,6
cv.html,20,html,badb3516,Junran Yang,2025-10-04,23:28:48,-07:00,2025-10-04T23:28:48-07:00,2,26
cv.html,21,html,badb3516,Junran Yang,2025-10-04,23:28:48,-07:00,2025-10-04T23:28:48-07:00,2,73
cv.html,22,html,badb3516,Junran Yang,2025-10-04,23:28:48,-07:00,2025-10-04T23:28:48-07:00,3,74
cv.html,23,html,badb3516,Junran Yang,2025-10-04,23:28:48,-07:00,2025-10-04T23:28:48-07:00,2,2
cv.html,24,html,badb3516,Junran Yang,2025-10-04,23:28:48,-07:00,2025-10-04T23:28:48-07:00,1,7
cv.html,25,html,badb3516,Junran Yang,2025-10-04,23:28:48,-07:00,2025-10-04T23:28:48-07:00,0,0
cv.html,26,html,badb3516,Junran Yang,2025-10-04,23:28:48,-07:00,2025-10-04T23:28:48-07:00,1,7
cv.html,27,html,badb3516,Junran Yang,2025-10-04,23:28:48,-07:00,2025-10-04T23:28:48-07:00,2,16
cv.html,28,html,badb3516,Junran Yang,2025-10-04,23:28:48,-07:00,2025-10-04T23:28:48-07:00,2,7
cv.html,29,html,badb3516,Junran Yang,2025-10-04,23:28:48,-07:00,2025-10-04T23:28:48-07:00,3,42
cv.html,30,html,badb3516,Junran Yang,2025-10-04,23:28:48,-07:00,2025-10-04T23:28:48-07:00,3,62
cv.html,31,html,badb3516,Junran Yang,2025-10-04,23:28:48,-07:00,2025-10-04T23:28:48-07:00,3,55
cv.html,32,html,badb3516,Junran Yang,2025-10-04,23:28:48,-07:00,2025-10-04T23:28:48-07:00,3,29
cv.html,33,html,badb3516,Junran Yang,2025-10-04,23:28:48,-07:00,2025-10-04T23:28:48-07:00,2,8
cv.html,34,html,badb3516,Junran Yang,2025-10-04,23:28:48,-07:00,2025-10-04T23:28:48-07:00,0,0
cv.html,35,html,badb3516,Junran Yang,2025-10-04,23:28:48,-07:00,2025-10-04T23:28:48-07:00,2,7
cv.html,36,html,badb3516,Junran Yang,2025-10-04,23:28:48,-07:00,2025-10-04T23:28:48-07:00,3,36
cv.html,37,html,badb3516,Junran Yang,2025-10-04,23:28:48,-07:00,2025-10-04T23:28:48-07:00,3,47
cv.html,38,html,badb3516,Junran Yang,2025-10-04,23:28:48,-07:00,2025-10-04T23:28:48-07:00,3,30
cv.html,39,html,badb3516,Junran Yang,2025-10-04,23:28:48,-07:00,2025-10-04T23:28:48-07:00,2,8
cv.html,40,html,badb3516,Junran Yang,2025-10-04,23:28:48,-07:00,2025-10-04T23:28:48-07:00,0,0
cv.html,41,html,badb3516,Junran Yang,2025-10-04,23:28:48,-07:00,2025-10-04T23:28:48-07:00,2,7
cv.html,42,html,badb3516,Junran Yang,2025-10-04,23:28:48,-07:00,2025-10-04T23:28:48-07:00,3,49
cv.html,43,html,badb3516,Junran Yang,2025-10-04,23:28:48,-07:00,2025-10-04T23:28:48-07:00,3,34
cv.html,44,html,badb3516,Junran Yang,2025-10-04,23:28:48,-07:00,2025-10-04T23:28:48-07:00,3,30
cv.html,45,html,badb3516,Junran Yang,2025-10-04,23:28:48,-07:00,2025-10-04T23:28:48-07:00,2,8
cv.html,46,html,badb3516,Junran Yang,2025-10-04,23:28:48,-07:00,2025-10-04T23:28:48-07:00,1,8
cv.html,47,html,badb3516,Junran Yang,2025-10-04,23:28:48,-07:00,2025-10-04T23:28:48-07:00,0,0
cv.html,48,html,badb3516,Junran Yang,2025-10-04,23:28:48,-07:00,2025-10-04T23:28:48-07:00,1,7
cv.html,49,html,badb3516,Junran Yang,2025-10-04,23:28:48,-07:00,2025-10-04T23:28:48-07:00,2,23
cv.html,50,html,badb3516,Junran Yang,2025-10-04,23:28:48,-07:00,2025-10-04T23:28:48-07:00,2,2
cv.html,51,html,badb3516,Junran Yang,2025-10-04,23:28:48,-07:00,2025-10-04T23:28:48-07:00,3,71
cv.html,52,html,badb3516,Junran Yang,2025-10-04,23:28:48,-07:00,2025-10-04T23:28:48-07:00,3,100
cv.html,53,html,badb3516,Junran Yang,2025-10-04,23:28:48,-07:00,2025-10-04T23:28:48-07:00,3,68
cv.html,54,html,badb3516,Junran Yang,2025-10-04,23:28:48,-07:00,2025-10-04T23:28:48-07:00,3,43
cv.html,55,html,badb3516,Junran Yang,2025-10-04,23:28:48,-07:00,2025-10-04T23:28:48-07:00,2,3
cv.html,56,html,badb3516,Junran Yang,2025-10-04,23:28:48,-07:00,2025-10-04T23:28:48-07:00,1,8
cv.html,57,html,badb3516,Junran Yang,2025-10-04,23:28:48,-07:00,2025-10-04T23:28:48-07:00,0,0
cv.html,58,html,badb3516,Junran Yang,2025-10-04,23:28:48,-07:00,2025-10-04T23:28:48-07:00,1,7
cv.html,59,html,badb3516,Junran Yang,2025-10-04,23:28:48,-07:00,2025-10-04T23:28:48-07:00,2,17
cv.html,60,html,badb3516,Junran Yang,2025-10-04,23:28:48,-07:00,2025-10-04T23:28:48-07:00,2,7
cv.html,61,html,badb3516,Junran Yang,2025-10-04,23:28:48,-07:00,2025-10-04T23:28:48-07:00,3,35
cv.html,62,html,badb3516,Junran Yang,2025-10-04,23:28:48,-07:00,2025-10-04T23:28:48-07:00,3,39
cv.html,63,html,badb3516,Junran Yang,2025-10-04,23:28:48,-07:00,2025-10-04T23:28:48-07:00,3,30
cv.html,64,html,badb3516,Junran Yang,2025-10-04,23:28:48,-07:00,2025-10-04T23:28:48-07:00,3,2
cv.html,65,html,badb3516,Junran Yang,2025-10-04,23:28:48,-07:00,2025-10-04T23:28:48-07:00,4,85
cv.html,66,html,badb3516,Junran Yang,2025-10-04,23:28:48,-07:00,2025-10-04T23:28:48-07:00,4,68
cv.html,67,html,badb3516,Junran Yang,2025-10-04,23:28:48,-07:00,2025-10-04T23:28:48-07:00,4,81
cv.html,68,html,badb3516,Junran Yang,2025-10-04,23:28:48,-07:00,2025-10-04T23:28:48-07:00,4,83
cv.html,69,html,badb3516,Junran Yang,2025-10-04,23:28:48,-07:00,2025-10-04T23:28:48-07:00,3,3
cv.html,70,html,badb3516,Junran Yang,2025-10-04,23:28:48,-07:00,2025-10-04T23:28:48-07:00,2,8
cv.html,71,html,badb3516,Junran Yang,2025-10-04,23:28:48,-07:00,2025-10-04T23:28:48-07:00,0,0
cv.html,72,html,badb3516,Junran Yang,2025-10-04,23:28:48,-07:00,2025-10-04T23:28:48-07:00,2,7
cv.html,73,html,badb3516,Junran Yang,2025-10-04,23:28:48,-07:00,2025-10-04T23:28:48-07:00,3,50
cv.html,74,html,badb3516,Junran Yang,2025-10-04,23:28:48,-07:00,2025-10-04T23:28:48-07:00,3,39
cv.html,75,html,badb3516,Junran Yang,2025-10-04,23:28:48,-07:00,2025-10-04T23:28:48-07:00,3,29
cv.html,76,html,badb3516,Junran Yang,2025-10-04,23:28:48,-07:00,2025-10-04T23:28:48-07:00,3,2
cv.html,77,html,badb3516,Junran Yang,2025-10-04,23:28:48,-07:00,2025-10-04T23:28:48-07:00,4,92
cv.html,78,html,badb3516,Junran Yang,2025-10-04,23:28:48,-07:00,2025-10-04T23:28:48-07:00,4,75
cv.html,79,html,badb3516,Junran Yang,2025-10-04,23:28:48,-07:00,2025-10-04T23:28:48-07:00,4,99
cv.html,80,html,badb3516,Junran Yang,2025-10-04,23:28:48,-07:00,2025-10-04T23:28:48-07:00,3,3
cv.html,81,html,badb3516,Junran Yang,2025-10-04,23:28:48,-07:00,2025-10-04T23:28:48-07:00,2,8
cv.html,82,html,badb3516,Junran Yang,2025-10-04,23:28:48,-07:00,2025-10-04T23:28:48-07:00,1,8
cv.html,83,html,badb3516,Junran Yang,2025-10-04,23:28:48,-07:00,2025-10-04T23:28:48-07:00,0,0
cv.html,84,html,badb3516,Junran Yang,2025-10-04,23:28:48,-07:00,2025-10-04T23:28:48-07:00,1,7
cv.html,85,html,badb3516,Junran Yang,2025-10-04,23:28:48,-07:00,2025-10-04T23:28:48-07:00,2,25
cv.html,86,html,badb3516,Junran Yang,2025-10-04,23:28:48,-07:00,2025-10-04T23:28:48-07:00,2,1
cv.html,87,html,badb3516,Junran Yang,2025-10-04,23:28:48,-07:00,2025-10-04T23:28:48-07:00,3,97
cv.html,88,html,badb3516,Junran Yang,2025-10-04,23:28:48,-07:00,2025-10-04T23:28:48-07:00,3,90
cv.html,89,html,badb3516,Junran Yang,2025-10-04,23:28:48,-07:00,2025-10-04T23:28:48-07:00,3,28
cv.html,90,html,badb3516,Junran Yang,2025-10-04,23:28:48,-07:00,2025-10-04T23:28:48-07:00,2,2
cv.html,91,html,badb3516,Junran Yang,2025-10-04,23:28:48,-07:00,2025-10-04T23:28:48-07:00,1,8
cv.html,92,html,badb3516,Junran Yang,2025-10-04,23:28:48,-07:00,2025-10-04T23:28:48-07:00,0,0
cv.html,93,html,badb3516,Junran Yang,2025-10-04,23:28:48,-07:00,2025-10-04T23:28:48-07:00,1,7
cv.html,94,html,badb3516,Junran Yang,2025-10-04,23:28:48,-07:00,2025-10-04T23:28:48-07:00,2,26
cv.html,95,html,badb3516,Junran Yang,2025-10-04,23:28:48,-07:00,2025-10-04T23:28:48-07:00,2,2
cv.html,96,html,badb3516,Junran Yang,2025-10-04,23:28:48,-07:00,2025-10-04T23:28:48-07:00,3,88
cv.html,97,html,badb3516,Junran Yang,2025-10-04,23:28:48,-07:00,2025-10-04T23:28:48-07:00,3,71
cv.html,98,html,badb3516,Junran Yang,2025-10-04,23:28:48,-07:00,2025-10-04T23:28:48-07:00,2,3
cv.html,99,html,badb3516,Junran Yang,2025-10-04,23:28:48,-07:00,2025-10-04T23:28:48-07:00,1,8
cv.html,100,html,badb3516,Junran Yang,2025-10-04,23:28:48,-07:00,2025-10-04T23:28:48-07:00,0,0
cv.html,101,html,badb3516,Junran Yang,2025-10-04,23:28:48,-07:00,2025-10-04T23:28:48-07:00,1,7
cv.html,102,html,badb3516,Junran Yang,2025-10-04,23:28:48,-07:00,2025-10-04T23:28:48-07:00,2,28
cv.html,103,html,badb3516,Junran Yang,2025-10-04,23:28:48,-07:00,2025-10-04T23:28:48-07:00,2,2
cv.html,104,html,badb3516,Junran Yang,2025-10-04,23:28:48,-07:00,2025-10-04T23:28:48-07:00,3,74
cv.html,105,html,badb3516,Junran Yang,2025-10-04,23:28:48,-07:00,2025-10-04T23:28:48-07:00,3,73
cv.html,106,html,badb3516,Junran Yang,2025-10-04,23:28:48,-07:00,2025-10-04T23:28:48-07:00,3,55
cv.html,107,html,badb3516,Junran Yang,2025-10-04,23:28:48,-07:00,2025-10-04T23:28:48-07:00,2,3
cv.html,108,html,badb3516,Junran Yang,2025-10-04,23:28:48,-07:00,2025-10-04T23:28:48-07:00,1,8
cv.html,109,html,badb3516,Junran Yang,2025-10-04,23:28:48,-07:00,2025-10-04T23:28:48-07:00,0,0
cv.html,110,html,badb3516,Junran Yang,2025-10-04,23:28:48,-07:00,2025-10-04T23:28:48-07:00,0,5
cv.html,111,html,badb3516,Junran Yang,2025-10-04,23:28:48,-07:00,2025-10-04T23:28:48-07:00,0,5
projects\index.html,1,html,badb3516,Junran Yang,2025-10-04,23:28:48,-07:00,2025-10-04T23:28:48-07:00,0,13
projects\index.html,2,html,badb3516,Junran Yang,2025-10-04,23:28:48,-07:00,2025-10-04T23:28:48-07:00,0,14
projects\index.html,3,html,badb3516,Junran Yang,2025-10-04,23:28:48,-07:00,2025-10-04T23:28:48-07:00,0,4
projects\index.html,4,html,00000000,Not Committed Yet,2025-11-07,22:30:18,-08:00,2025-11-07T22:30:18-08:00,1,22
projects\index.html,5,html,00000000,Not Committed Yet,2025-11-07,22:30:18,-08:00,2025-11-07T22:30:18-08:00,1,69
projects\index.html,6,html,00000000,Not Committed Yet,2025-11-07,22:30:18,-08:00,2025-11-07T22:30:18-08:00,1,35
projects\index.html,7,html,00000000,Not Committed Yet,2025-11-07,22:30:18,-08:00,2025-11-07T22:30:18-08:00,1,42
projects\index.html,8,html,00000000,Not Committed Yet,2025-11-07,22:30:18,-08:00,2025-11-07T22:30:18-08:00,1,70
projects\index.html,9,html,00000000,Not Committed Yet,2025-11-07,22:30:18,-08:00,2025-11-07T22:30:18-08:00,1,47
projects\index.html,10,html,badb3516,Junran Yang,2025-10-04,23:28:48,-07:00,2025-10-04T23:28:48-07:00,0,5
projects\index.html,11,html,badb3516,Junran Yang,2025-10-04,23:28:48,-07:00,2025-10-04T23:28:48-07:00,0,4
projects\index.html,12,html,00000000,Not Committed Yet,2025-11-07,22:30:18,-08:00,2025-11-07T22:30:18-08:00,1,38
projects\index.html,13,html,00000000,Not Committed Yet,2025-11-07,22:30:18,-08:00,2025-11-07T22:30:18-08:00,0,0
projects\index.html,14,html,00000000,Not Committed Yet,2025-11-07,22:30:18,-08:00,2025-11-07T22:30:18-08:00,1,21
projects\index.html,15,html,00000000,Not Committed Yet,2025-11-07,22:30:18,-08:00,2025-11-07T22:30:18-08:00,2,54
projects\index.html,16,html,00000000,Not Committed Yet,2025-11-07,22:30:18,-08:00,2025-11-07T22:30:18-08:00,2,22
projects\index.html,17,html,00000000,Not Committed Yet,2025-11-07,22:30:18,-08:00,2025-11-07T22:30:18-08:00,1,4
projects\index.html,18,html,00000000,Not Committed Yet,2025-11-07,22:30:18,-08:00,2025-11-07T22:30:18-08:00,0,0
projects\index.html,19,html,00000000,Not Committed Yet,2025-11-07,22:30:18,-08:00,2025-11-07T22:30:18-08:00,1,4
projects\index.html,20,html,00000000,Not Committed Yet,2025-11-07,22:30:18,-08:00,2025-11-07T22:30:18-08:00,2,15
projects\index.html,21,html,00000000,Not Committed Yet,2025-11-07,22:30:18,-08:00,2025-11-07T22:30:18-08:00,2,11
projects\index.html,22,html,00000000,Not Committed Yet,2025-11-07,22:30:18,-08:00,2025-11-07T22:30:18-08:00,2,26
projects\index.html,23,html,00000000,Not Committed Yet,2025-11-07,22:30:18,-08:00,2025-11-07T22:30:18-08:00,2,31
projects\index.html,24,html,00000000,Not Committed Yet,2025-11-07,22:30:18,-08:00,2025-11-07T22:30:18-08:00,1,0
projects\index.html,25,html,00000000,Not Committed Yet,2025-11-07,22:30:18,-08:00,2025-11-07T22:30:18-08:00,0,0
projects\index.html,26,html,00000000,Not Committed Yet,2025-11-07,22:30:18,-08:00,2025-11-07T22:30:18-08:00,1,26
projects\index.html,27,html,badb3516,Junran Yang,2025-10-04,23:28:48,-07:00,2025-10-04T23:28:48-07:00,0,5
projects\index.html,28,html,00000000,Not Committed Yet,2025-11-07,22:30:18,-08:00,2025-11-07T22:30:18-08:00,0,5
contact\index.html,1,html,badb3516,Junran Yang,2025-10-04,23:28:48,-07:00,2025-10-04T23:28:48-07:00,0,13
contact\index.html,2,html,badb3516,Junran Yang,2025-10-04,23:28:48,-07:00,2025-10-04T23:28:48-07:00,0,14
contact\index.html,3,html,badb3516,Junran Yang,2025-10-04,23:28:48,-07:00,2025-10-04T23:28:48-07:00,0,4
contact\index.html,4,html,badb3516,Junran Yang,2025-10-04,23:28:48,-07:00,2025-10-04T23:28:48-07:00,2,41
contact\index.html,5,html,3daec96e,Junran Yang,2025-10-17,22:21:29,-07:00,2025-10-17T22:21:29-07:00,2,48
contact\index.html,6,html,badb3516,Junran Yang,2025-10-04,23:28:48,-07:00,2025-10-04T23:28:48-07:00,2,20
contact\index.html,7,html,badb3516,Junran Yang,2025-10-04,23:28:48,-07:00,2025-10-04T23:28:48-07:00,2,68
contact\index.html,8,html,badb3516,Junran Yang,2025-10-04,23:28:48,-07:00,2025-10-04T23:28:48-07:00,2,34
contact\index.html,9,html,badb3516,Junran Yang,2025-10-04,23:28:48,-07:00,2025-10-04T23:28:48-07:00,0,5
contact\index.html,10,html,badb3516,Junran Yang,2025-10-04,23:28:48,-07:00,2025-10-04T23:28:48-07:00,0,0
contact\index.html,11,html,badb3516,Junran Yang,2025-10-04,23:28:48,-07:00,2025-10-04T23:28:48-07:00,0,4
contact\index.html,12,html,ed77436a,Junran Yang,2025-10-19,01:43:38,-07:00,2025-10-19T01:43:38-07:00,2,8
contact\index.html,13,html,badb3516,Junran Yang,2025-10-04,23:28:48,-07:00,2025-10-04T23:28:48-07:00,2,30
contact\index.html,14,html,badb3516,Junran Yang,2025-10-04,23:28:48,-07:00,2025-10-04T23:28:48-07:00,2,43
contact\index.html,15,html,9d6ac60d,Junran Yang,2025-10-17,22:34:42,-07:00,2025-10-17T22:34:42-07:00,2,41
contact\index.html,16,html,badb3516,Junran Yang,2025-10-04,23:28:48,-07:00,2025-10-04T23:28:48-07:00,2,71
contact\index.html,17,html,badb3516,Junran Yang,2025-10-04,23:28:48,-07:00,2025-10-04T23:28:48-07:00,2,25
contact\index.html,18,html,ed77436a,Junran Yang,2025-10-19,01:43:38,-07:00,2025-10-19T01:43:38-07:00,2,8
contact\index.html,19,html,badb3516,Junran Yang,2025-10-04,23:28:48,-07:00,2025-10-04T23:28:48-07:00,2,14
contact\index.html,20,html,badb3516,Junran Yang,2025-10-04,23:28:48,-07:00,2025-10-04T23:28:48-07:00,2,78
contact\index.html,21,html,badb3516,Junran Yang,2025-10-04,23:28:48,-07:00,2025-10-04T23:28:48-07:00,4,7
contact\index.html,22,html,badb3516,Junran Yang,2025-10-04,23:28:48,-07:00,2025-10-04T23:28:48-07:00,4,56
contact\index.html,23,html,badb3516,Junran Yang,2025-10-04,23:28:48,-07:00,2025-10-04T23:28:48-07:00,4,8
contact\index.html,24,html,badb3516,Junran Yang,2025-10-04,23:28:48,-07:00,2025-10-04T23:28:48-07:00,4,59
contact\index.html,25,html,badb3516,Junran Yang,2025-10-04,23:28:48,-07:00,2025-10-04T23:28:48-07:00,4,10
contact\index.html,26,html,badb3516,Junran Yang,2025-10-04,23:28:48,-07:00,2025-10-04T23:28:48-07:00,4,62
contact\index.html,27,html,badb3516,Junran Yang,2025-10-04,23:28:48,-07:00,2025-10-04T23:28:48-07:00,4,7
contact\index.html,28,html,badb3516,Junran Yang,2025-10-04,23:28:48,-07:00,2025-10-04T23:28:48-07:00,4,77
contact\index.html,29,html,badb3516,Junran Yang,2025-10-04,23:28:48,-07:00,2025-10-04T23:28:48-07:00,4,35
contact\index.html,30,html,badb3516,Junran Yang,2025-10-04,23:28:48,-07:00,2025-10-04T23:28:48-07:00,4,37
contact\index.html,31,html,badb3516,Junran Yang,2025-10-04,23:28:48,-07:00,2025-10-04T23:28:48-07:00,4,36
contact\index.html,32,html,badb3516,Junran Yang,2025-10-04,23:28:48,-07:00,2025-10-04T23:28:48-07:00,2,5
contact\index.html,33,html,badb3516,Junran Yang,2025-10-04,23:28:48,-07:00,2025-10-04T23:28:48-07:00,0,5
contact\index.html,34,html,badb3516,Junran Yang,2025-10-04,23:28:48,-07:00,2025-10-04T23:28:48-07:00,0,5
